{
  "__type__": "cc.AnimationClip",
  "_name": "hand1_guide",
  "_objFlags": 0,
  "_native": "",
  "_duration": 0.8333333333333334,
  "sample": 60,
  "speed": 0.7,
  "wrapMode": 2,
  "curveData": {
    "props": {
      "position": [
        {
          "frame": 0,
          "value": [
            9,
            -341.7
          ],
          "motionPath": [
            [
              -19.3,
              -338.3,
              -8.6,
              -348,
              -23.4,
              -334.6
            ],
            [
              -26.6,
              -305.1,
              -32.4,
              -317.6,
              -23.7,
              -298.8
            ],
            [
              -2.7,
              -287.5,
              -13.4,
              -289.5,
              2.3,
              -286.6
            ],
            [
              26.9,
              -306.5,
              25.2,
              -295.2,
              28,
              -313.8
            ],
            [
              23.8,
              -331.8,
              27.7,
              -324.3,
              19.6,
              -340
            ]
          ]
        },
        {
          "frame": 0.8333333333333334,
          "value": [
            9.6,
            -341.1
          ],
          "motionPath": []
        }
      ]
    }
  },
  "events": []
}